title,snippet
Guitar Lesson 1 - Absolute Beginner? Start Here! [Free 10 Day ...,"Sep 2, 2016 ... https://www.andyguitar.co.uk/online-lessons/courses/starter-course/lessons/day-1-10-day-guitar-starter-course ◁ GET MORE HELP HERECHORD ..."
Free Beginner Guitar Lessons | Basic Step by Step Lessons,A free step-by-step beginner guitar lesson series that will teach you how to play guitar from scratch.
Beginner Acoustic Lesson 1 - Your Very First Guitar Lesson (E Minor ...,"Jun 13, 2016 ... Your browser can't play this video. Learn more. Switch camera."
Best acoustic guitars for beginners 2022 | Guitar World,"Apr 29, 2022 ... 1 · Fender CD-60S All-Mahogany. Fender ; 2 · Yamaha LL6 ARE. Yamaha ; 3 · Epiphone Hummingbird Pro. Epiphone ; 4 · Yamaha FG800. Yamaha ; 5 · Taylor GS ..."
The ONLY First Guitar Lesson You NEED To See - Beginner Guitar ...,"Aug 26, 2020 ... But here is a list of a few of the songs you can learn with my special beginner guitar chords: Bryan, Luke - Drink A Beer Chapman, ..."
The 20 Minute Guitar Practice Routine For Beginners - Use This Daily!,"Exclusive Bonus: Click here to download The Insider's Guide to Online Lessons, which is a 71 page PDF that outlines the best ways to learn guitar this year."
What Is The Best Beginner Guitar?,Through tens of thousands of hours of teaching people to learn guitar I've consistently seen that the best beginner guitar is a steel-stringed acoustic guitar.
Beginner 1: First Steps | JustinGuitar.com,"Guitar Quick Start! Learn the basics in 5 minutes: how to get in tune, basic shords, strumming and loads of songs."
Best Beginner Guitar Lessons,Learn guitar the easy way with Guitar Tricks. Our Core Learning System is a step-by-step guaranteed way to learn guitar that has worked for over 3 million ...
Beginner Guitars | Guitar Center,Beginner Guitars(345 matches found) ; Mitchell O120CESB Auditorium Acoustic-Electric Guitar · Mitchell O120CESB Auditorium Acoustic-Electric Guitar.
"BEGINNER DANCE TUTORIAL | ""Hustle"" by P!nk | Step-by-Step ...","Sep 24, 2020 ... CLICK THIS LINK TO SEE THE FULL DANCE WITH MUSIC!****https://youtu.be/3PsiMPdl3zALearn a basic choreography combo to ""Hustle"" by P!nk with ..."
Beginner Dance Tutorials - YouTube,"Each move is broken down step by step at slow pace with a lot of repetition, so no dance experience is required to learn this choreography. Stand up and dance ..."
3 Simple Dance Moves for Beginners (Hip Hop Dance Moves Tutorial),"Nov 4, 2016 ... Hip hop dance tutorial for beginners on how to do 3 simple dance moves. If you enjoy our content and would like to support us and make a ..."
10 Basic Dance Moves Anyone Can Learn | STEEZY Blog,10 Basic Dance Moves Anyone Can Learn · 1. The Two-Step · 2. The Monestary · 3. Booty Pop (Side To Side) · 4. The Billy Bounce · 5. The Woah · 6. The Dougie · 7. Scoop ...
"BEGINNER DANCE TUTORIAL | ""Proud Mary"" Tina Turner | Step-by ...","Dec 9, 2021 ... https://youtu.be/ey3K4f06bM0 Learn an easy dance routine to ""PROUD MARY"" by Tina Turner! This beginner tutorial will teach you the moves ..."
Adult Beginner Dance Classes | Ailey Extension,Intro to Ballet. It's never too late for anyone of any age to learn ballet. This one-hour class will introduce students to the fundamentals of classical ballet ...
Total Beginner Contemporary Dance Routine - YouTube,"Sep 2, 2020 ... Calling my complete beginner dancers! I am so excited to bring you this beginner contemporary dance routine for all of my new dancers to ..."
"Different Dance Levels. Beginner, Intermediate, Advanced & Kids ...","Practice makes perfect! We offer dance classes in all levels from beginner to advanced for kids ages 8+, teens, and adults. You'll learn dance technique, ..."
Dance Classes That Don't Suck: Adult Beginners NYC Brooklyn ...,"Aug 3, 2021 ... There seem to be so many adult beginner dance classes in NYC, yet not many of them seem approachable when you are feeling out of practice - and ..."
How to Dance at a Club or Party | STEEZY Blog,So learn a few basic dance steps before you go to dance at a club. This video will teach you how to do 3 basic dance moves that work with any song: ...
How To Play Drums (Beginner Drum Lesson) - YouTube,"Aug 6, 2019 ... Learn To Play Drums In 90 Days:▻ https://www.Drumeo.com/start-here/Have you always wanted to learn how to play drums? If your excuses have ..."
How To Play Drums For Beginners (Learning Online Made EASY),"Jul 13, 2021 ... How to learn to play the drums. Develop a clear understanding of rhythm; Discover which songs you should practice; Learn how bass and snare ..."
HOW TO PLAY DRUMS - Beginner Drum Lesson #1 - YouTube,"Oct 10, 2020 ... Let's learn the drum basics, then I'll teach you your first 3 drum rhythms! Let's go!This lesson is perfect for beginners that want to start ..."
How To Play Drums: The Ultimate Resource For Beginner Drummers,"Dec 2, 2019 ... The best drum sets for beginners include the Tama ImperialStar or Rockstar, the Yamaha Stage Custom, and the Pearl Export. All of these sets are ..."
5 EASY Steps To START Playing Drums! - Beginner Drum Lesson ...,"Dec 24, 2021 ... Your browser can't play this video. Learn more. Switch camera."
How to Play Drums: The Complete Guide for Beginners,"Nov 4, 2021 ... Start by tapping along to your favorite songs and focus on playing along with the drummer or another instrument in the song. If you don't have ..."
Drumming Tips A Beginner Drummer Should Learn | DRUM ...,"List For Beginners The following rudiments are relatively easy for beginners to grasp: single-stroke rolls, double-stroke rolls, single paradiddles, multiple ..."
Beginner Drum Lessons - FDL,"Learn essential beginner drum techniques with these free beginner drum lessons videos. The streaming video lessons guide you every step of the way, ..."
Best beginner drum sets 2022 | MusicRadar,"Feb 1, 2022 ... Best beginner drum sets 2022: top choice acoustic drum kits for beginners ; 1 · Gretsch Catalina Club. Gretsch ; 2 · Ludwig Breakbeats. Ludwig ; 3."
Beginner Drum Sets and Guide for the Best Drum Set for Beginners,"Jun 13, 2019 ... Our Top Picks: · Best Beginner Drum Sets · Ddrum D120B 5-piece set – Bestselling beginner kit · Pearl Roadshow – My Best Beginner Drum Set 2021 ..."
Learn Chinese for Beginners | Beginner Chinese Lesson 1: Self ...,"Apr 16, 2017 ... Learn Chinese w/ ChineseFor.Us Beginner Chinese Lesson 1: Self-introduction in Mandarin Chinese | Beginner Course with 40 Beginner Chinese ..."
Learn Chinese (Mandarin) - Free Chinese (Mandarin) Lessons | L ...,"Lesson 1: Introduction · 你好. nǐ hǎo. Hello · 你好吗. nǐ hǎo ma. How are you? · 我很好，谢谢. wǒ hěn hǎo，xiè xiè. I'm fine, thank you. · 我叫谭雅. wǒ jiào tán yǎ."
100 Phrases Every Chinese Beginner Must-Know - YouTube,"Sep 4, 2018 ... This is the best video to get started with Chinese language https://goo.gl/yTwLzE Click here to learn Chinese twice as fast with FREE PDF!"
Chinese for Beginners | Coursera,"And it is useful to know about the language when coming to China for travel or business. This is an ABC Chinese course for beginners, including introduction ..."
Learn Chinese in 30 Minutes - ALL the Basics You Need - YouTube,"Nov 10, 2017 ... Learn Chinese twice as fast with your FREE gifts of the month including PDF lessons, vocabulary lists and much more!"
Beginner – Chinese Reading Practice,"Jul 19, 2020 ... In this quick lesson about judging others, we learn that those who live in dirty glass houses shouldn't throw stones. HSK 2-3. Tags Myths & ..."
Beginner Chinese Course | 32 Basic Chinese Lessons 40 HSK1 ...,The best Beginner Chinese Course - 32 basic Chinese lessons for Beginners. Learn Beginner Chinese with a Basic Chinese Course with 400+ HSK1 quiz questions.
Beginner - Hacking Chinese,Beginner · 1. Organise what you learn · 2. Avoid perfectionism · 3. Start looking for learning outside the classroom · 4. Find friends for help and cooperation · 5.
HelloChinese: Learn Chinese - Apps on Google Play,"If you click on the ""main course"" you will see a list of our courses. Click on ""Pronunciation"" to train. You can always practice hanzi of your choice at "" ..."
The world's best way to learn Chinese - Duolingo,"Bite-sized Chinese lessons. Fun, effective, and 100% free. Effective and efficient. Our courses effectively and efficiently teach reading ..."
Learn Korean in 20 Minutes - ALL the Basics You Need - YouTube,"Jul 14, 2017 ... This is your ultimate compilation to get started with Korean in 30 Minutes! · to access personalized lessons, tons of video series, wordlists and ..."
First Step Korean | Coursera,"This is an elementary-level Korean language course, consisting of 5 lessons ... In this module, you will learn the Korean alphabet or Korean writing system ..."
Learn Korean for Beginners - Part 1 - Conversational Korean for ...,"Mar 3, 2020 ... Watch each episode as many times as needed and practice along in Korean. Try out your new Korean phrases with friends. Get ready for success!"
UNIT 1: Basic Korean Grammar,"That's good, because here in Unit 1 you will start learning basic grammar, words and sentence structures. It is very important when you learn a language to ..."
Learn Korean: Step-by-step Guide to online language study [2021],"May 20, 2022 ... The best way to learn Korean is to do a bit each day. For example, it's much better to study for 20 minutes a day than to study once a week ..."
The world's best way to learn Korean - Duolingo,"Learn Korean in just 5 minutes a day with our game-like lessons. Whether you're a beginner starting with the basics or looking to practice your reading, ..."
Learn Korean - Beginners - Apps on Google Play,"May 25, 2022 ... You learn Korean from the zero, from the basics to more advanced words. The app also offers tests for you to practice what you have learned and ..."
Learn Korean with Talk To Me In Korean – Books & Online Courses,"Learn Korean with our systematic curriculum, professional teachers, over 1500 bite-sized online lessons and beautiful books shipped worldwide."
Learn Korean for Beginners,"The first couple lessons will teach you everything you need to know about reading in the actual Korean alphabet, while the following lessons will give you ..."
Courses – Learn Korean with Talk To Me In Korean,"Learn Korean with systematic lessons from Levels 1 to 10, as well as hundreds of fun and easy studying materials. Find your best Korean lessons and practice ..."
Learn Hindi in 40 Minutes - ALL Basics Every Beginners Need ...,"Apr 2, 2019 ... This is the best video to improve your Hindi skills! https://bit.ly/2FSN0IH Click here to access personalized lessons, tons of video series, ..."
9 Best Podcasts To Learn Hindi: Beginner To Advanced,"Jan 8, 2020 ... This podcast series, which is 18 episodes long, was designed to teach new learners the basics of Hindi vocabulary. While it was originally ..."
"Beginner's Hindi: Snell, Rupert: 9780340856529: Amazon.com: Books","""Teach Yourself Beginner's Hindi"" is a friendly introduction to the language that's easy to follow from start to finish. It will appeal to anyone who wants ..."
Let's Learn Hindi! Get Started with These 31 Beginner Lessons,Learn to speak Hindi with these 31 beginner lessons on getting started in the language. Includes tips on how to learn Hindi from Bollywood movies.
Teach Yourself Complete Hindi: From Beginner to ... - Amazon.com,"Within each of the 24 thematic chapters, important language structures are introduced through life-like dialogues. You'll learn grammar in a gradual manner so ..."
Beginner's Hindi (Teach Yourself) - Rupert Snell,"Beginner's Hindi book. Read 3 reviews from the world's largest community for readers. For those who find learning a new language daunting, the Teach Your..."
Hindi for beginners and advanced - Hindi language with LinGo Play,Identify the best time to learn new Hindi words and phrases. Plan your lessons in a way that doesn't create roadblocks in your schedule. Learn Hindi language ...
Beginner's Hindi Script (Teach Yourself) - Rupert Snell,The Hindi script - called Devanagari - is a beautifully logical writing system. Its phonetic arrangement makes it quite easy to learn and once you know the ...
"Hindi Beginners Course, Soas, University of London","The course will be based on the textbook: Snell, R. (2014) Get Started in Hindi (2nd Ed. + CDs). Teach Yourself Books: London. The textbook is not included in ..."
How to Learn Hindi (with Pictures) - wikiHow,Rupert Snell's Teach Yourself Hindi course and book is highly recommended for beginners and includes audio. Elementary Hindi by Richard Delacy and Sudha Joshi ...
How to Sing for Beginners: 7 Easy Tips to Start Now - YouTube,"Oct 12, 2018 ... Learn how to sing today in one of our FREE online singing classes: http://bit.ly/2Ed7nl0Want to learn to sing in the easiest possible way ..."
Learn How To Sing For Beginners | 16 Steps For Learning How To ...,"Your voice is powered by your body and breathing. A positive, firm body posture will act as a strong support for singing. Stand up straight, with your legs ..."
Singing exercises for ABSOLUTE Beginners | #DrDan - YouTube,"Oct 10, 2017 ... If you're just starting to learn to sing, then this video is for you. Singing exercises are a necessary part of your development, ..."
How to Learn to Sing: 14 Steps (with Pictures) - wikiHow,"If you can't find any teacher or you are too shy to sing through it, try to practice singing with your friend who loves to hear you sing or loves singing. Ask ..."
How To Sing For Beginners - 3 Tips for Fast Vocal Improvement ...,"Jan 3, 2018 ... You Too Can Learn How to Sing – Improve Your Singing Voice, Sing With Better Control, And Gain Up To A Full Octave In Your Vocal Range…no ..."
Learn How To Sing In Tune Naturally For Beginners - Music Industry ...,"Below I show you a few things which can help you sing better in pitch. 1. If You Want To Naturally Sing In Tune, Practice Analyzing Your Voice."
Beginner Singing Lessons,"Welcome to 30 Day Singer – where you can learn how to sing your best without any experience at all! We developed a curriculum that is easy to follow, ..."
How To Sing Better (12 Singing Tips) - RAPID Improvement - Music ...,"Jul 26, 2021 ... 1. Proper Breathing · 2. Muscle Warm Up · 3. Posture · 4. Finding Your Range. · 5. Keep Hydrated · 6. Vocal Control and Scale · 7. Make Sure You Are ..."
Sing Smarter: 10 Great Ways to Teach Yourself to Sing - Ramsey ...,10 Easy Steps You Can Follow to Start Teaching Yourself to Sing. Sing with “tall” posture. Learn breath support by breathing from the diaphragm. Learn to sing ...
What Is the Best Age to Learn to Sing?,Tips when starting singing lessons · Take proper care of your voice. · Warm up before singing. · Train you ear to differentiate pitch. · Practice singing every day.
Piano Lessons for Beginners: Part 1 - Getting Started! Learn some ...,"Aug 4, 2017 ... Piano Lessons for Beginners: Part 1 - Getting Started! ... concepts and teach you how to jumpstart your piano or keyboard playing career."
The Beginner's Guide to Learning Piano | flowkey,"You want to learn piano, but don't know where to start? We can help. The Beginner's Guide to Learning Piano gives you everything you need to know to get ..."
The PERFECT Piano Practice Morning Routine (For Beginners ...,"Jul 12, 2021 ... What's up my piano friends!! Today's video we're going to cover a simple, 10 minute practice plan (AKA “Piano Workout Plan”) for beginners ..."
How to Play Piano - Ultimate Beginner's Guide | Pianote,"Jun 11, 2022 ... But you don't need to practice eight hours a day to jam with a band, lead your church worship team, or even teach beginners. If you just want to ..."
7 Days To Learning Piano (Beginner Lesson) - YouTube,"Jan 29, 2021 ... New year, new YOU! Pianote Coaches are here to take your playing to the next level:Check out the all new https://pianote.com/There's never ..."
Piano Tutorial For Complete Beginners,"Sep 5, 2017 ... Your hand should be relaxed with your palm facing down to the keyboard. Position your hand so that each finger rests above each key. When you're ..."
The Best Practice Routine for Beginner Piano Players - YouTube,"Oct 5, 2019 ... In today's lesson, I am going to show you the best practice routine for beginner piano players. If you are just starting out, ..."
pianos for beginners - Amazon.com,"1-48 of 666 results for ""pianos for beginners"". RESULTS. Amazon's Choicefor pianos for beginners ..."
Piano Practice Routines for Beginners - 30 Min Daily Schedule,"You should learn a new chord or chord inversion every day. As a beginner, work on learning all the major and minor chords first. As you learn scales, this ..."
Piano for Complete Beginners: 5 tips to get you started - Pianist,"Oct 31, 2019 ... Welcome to the Piano for Complete Beginners guide! If you know little or nothing about the piano but want to learn, then you have come to ..."
Top Moves and Flourishes That Beginners in Cardistry Should Learn,"Feb 18, 2020 ... Recommended First Flourishes · Basic moves · Two-Handed Cuts · One-Handed Cuts · Displays · Fans · Aerials · Single Card Aerials · Twirls & Isolations."
Cardistry Hub - Beginner Move List,This order is only recommended so you can pick up and choose or go back to moves that you skipped over later. Each move will have a featured tutorial (that we ...
How to Get Started in Cardistry: A Beginners' Guide to Card Flourishes,"How to Practice and Improve your Cardistry · 1. Walk Before You Run. Just like when you learn [sleight of hand]/sleight-of-hand], anybody with a deck of cards ..."
How to Get Started in Cardistry – PlayingCardDecks.com,"May 28, 2019 ... How to Get Started in Cardistry · 1. Feel welcome. · 2. Master the basics. · 3. Have a graduated approach. · 4. Learn what you like. · 5. Practice ..."
Cardistry Beginner's Guide & Tutorial List // Cardistry Hub : r/cardistry,"Feb 9, 2019 ... For those looking for new moves to learn or have questions about cardistry, the document has a community-curated list of tutorials, categorized ..."
How to Learn Cardistry: 10 Steps (with Pictures) - wikiHow,"All you need to start practicing cardistry is a deck of regular playing cards. Learn a few basic techniques first to get used to handling the deck, such as the ..."
Resource and Beginner's Guide & Cardistry Tutorial List : r/cardistry,"Feb 22, 2018 ... For those new to cardistry, the beginner's guide has a recommended path of moves for you to learn to get used to cardistry in addition to ..."
Free Tutorials | Cardistry Touch Official Site - Cardistry Touch,Get premium cardistry cards and learn new skills from the best in the game: we ... All; Beginner; Intermediate; Advanced. Cardistry Tutorial - Dr Twinkle ...
How to Start Learning Cardistry as Beginner - Work Life Magic,"May 28, 2017 ... Essential Moves · Basic Grips · Swing Cut · Swivel Cut · Table Spread · Spring · Charlier Cut · Riffle Shuffle · Kalushes Cut."
Easy beginner flourish • Cardistry & magic tutorials,"Mar 7, 2020 ... Get access to more unique cardistry tutorials with the purchase of Z Deck, our first playing cards. You can learn how to do this Easy beginner ..."
American Football Rules for Beginner | Rules of Football | Football ...,"Jul 25, 2020 ... This video is football 101 and if you want to learn football or learn nfl then you can watch part 2 of this series. NFL rules are sometimes ..."
Beginner's Guide to Football,Beginner's Guide to Football. One 11-man team has possession of the football. It is called the offense and it tries to advance the ball down the field-by.
LEARN 3 BEGINNER FOOTBALL SKILLS - YouTube,"Nov 1, 2018 ... Learn 3 beginner football skills. Learn beginner/amateur level football skill moves that you can use in football matches to beat your ..."
How to Play American Football for Beginners - HowTheyPlay,"May 19, 2022 ... A game usually begins with a coin flip between the team captains. Whoever wins the coin flip chooses to either kick off or receive the opening ..."
A Beginner's Guide to American Football | NFL UK - YouTube,"Sep 10, 2015 ... A Beginner's Guide to American Football | NFL UK. 2,292,090 views Sep 10, 2015 Join us as we take you through the basics of American ..."
The Complete Beginners Guide To American Football – vIQtory Sports,These are the mandatory pieces of equipment that all players must wear during a football game. Helmet. Football Helmet - Learn American Football.
Rules Of American Football EXPLAINED FOR BEGINNERS - YouTube,"Sep 1, 2021 ... Rules of American Football explained for beginners. Learn the rules of American football and how to watch a football game.Rules Of American ..."
NFL Rules | The Football Girl,"If you are not a beginner, please go straight to part 2 of our rules tutorial, where we explain some of the more difficult and controversial football rules and ..."
How to play fantasy football: A beginner's guide,"Aug 8, 2017 ... So you finished your draft and are staring at a team of around 15 NFL players. Now what? At its core fantasy is a math-based game based on the ..."
Learn how to play soccer – The first technical football steps,How to practice soccer? – Make soccer training as effective as possible. Soccer can be practised in a variety of ways but it is very important to get the most ...
Basketball Drills for Beginners - Basic Fundamentals for Kids,"Learn our favorite basketball drills for beginners, including fun and effective practice ideas for footwork, ballhandling, and shooting."
"Basketball Basics - The Rules, Concepts, Definitions, and Player ...","Basketball Basics for New Players and Coaches -- Learn the Basic Rules, Concepts, Court Layout, and Player Positions. 4971 SHARES."
Top 10 Tips For Starting Out In Basketball | realbuzz.com,Get in shape. Basketball is a physically challenging sport so it's best to be in as good a condition as possible. · Practice · Dribble with your weak hand.
21 BEST Youth Basketball Drills for BEGINNERS - One Up Basketball,"May 13, 2021 ... 21 BEST Youth Basketball Drills for BEGINNERS · Push off the opposite foot as to where you want to go (e.g. if going right, push off left foot) ..."
Starter Practice Plans - NBA.com,Warming up is an extremely important part of basketball. Players should make sure their bodies are prepared to play by getting their muscles loose and their ...
How Beginners Learn to Player Basketball | STACK NJ/NY,"Aug 15, 2021 ... Dribble tags, stationary exercises, and tight chairs allow you to carry the ball correctly throughout your practice session. Dribble tags-this ..."
How to Play Basketball (with Pictures) - wikiHow,"Definitely practice over the summer. Most teams will have room for a beginner who's fast, likes to learn and will play good defense."
Youth Basketball Drills & Sample Practice Plans ©,"As we have mentioned in the Coaching Youth Basketball book, all children, especially young children have short attention spans."
MEN'S BASKETBALL: A beginner's guide to Yale - Yale Daily News,"Mar 17, 2022 ... Finalizing a bracket? Following Yale for the first time this season? Here are the basics on this year's Bulldog team."
Basketball for Beginners - ActiveSG,Securing a basketball rebound is to gain possession of the ball after any unsuccessful ... Read on to learn the 4 basic tips for beginners to get started.
Are you an intermediate guitar player? Here's how to know. - YouTube,"Jun 25, 2019 ... To be considered an intermediate player, you'll need to be able to do the following: - Know and be able to change smoothly between your ..."
Are You An Intermediate Guitar Player?,"In this guitar lesson, Nate Savage covers all the topics a certified intermediate guitar player needs to know."
Are You A Beginner Or Intermediate Guitar Player? - YouTube,"Jul 8, 2020 ... Your browser can't play this video. Learn more. Switch camera."
Intermediate Guitars | Guitar Center,Intermediate Guitars(684 matches found) ; Fender Player Stratocaster Maple Fingerboard Limited-Edition · Fender Player Stratocaster Maple Fingerboard ...
Top 5 Things Every Intermediate Guitar Player Should Know ...,"Aug 17, 2015 ... In this lesson you will learn all about my top 5 things every intermediate guitar player should know. For more guitar lessons and free ..."
6 Differences Between Beginner And Intermediate Guitar Players ...,"The intermediate guitar player will start to hear the entire song and all of the instruments involved (including vocals), and almost subconsciously formulate ..."
Intermediate Guitar Course | JustinGuitar.com,"This module will teach you the basics of Jazz guitar. We'll learn basic chords, rhythm, common Jazz terms, and how to le... 9 Lessons."
17 Guitar Tips For Intermediate Students - Learn Guitar Malta,17 Guitar Tips For Intermediate Students · 1. Be prepared for plateaus and use them to your benefit · 2. Set specific musical goals · 3. Apply what you learn · 4.
Intermediate Practice Routine | JustinGuitar.com,You can't spend half and hour on scales if you have only an hour to practice. You must aim for an even development. Make sure that your 'work out' on the guitar ...
The Intermediate Path to Learning Guitar - GUITARHABITS,"Feb 1, 2018 ... Learn to grasp as much music theory as you can and put it to practice. Music theory will give you constant “aha” moments that will open up your ..."
Are You An Intermediate Drummer? (How To Tell) - YouTube,"Mar 6, 2020 ... Your browser can't play this video. Learn more. Switch camera."
The 10 Best Intermediate Drum Beats,"Aug 31, 2021 ... These are 10 of the easiest intermediate drum beats to break you out of your beginner's rut."
3 Keys To BREAK Into Intermediate Drumming - Drum Lesson ...,"Mar 19, 2019 ... In todays drum lesson we are learn 3 keys to intermediate drumming!▻ Get Your FREE Drum Lesson! http://bit.ly/2VFHH8Q My free drum ..."
Are You An Intermediate Drummer?,"Mar 6, 2022 ... You can confidently improvise with other people · You can learn new top 40 songs relatively quickly · You have a solid understanding of basic drum ..."
20 MUST KNOW Drum Beats For Intermediate Drummers | Drum ...,"Jun 9, 2020 ... Here are 20 must know intermediate drum beats! ▻Improve your creativity & confidence on the drums: DBO Academy http://bit.ly/DBOAcademy  ..."
15 Great Intermediate Drum Songs (With Videos),"Jan 5, 2022 ... Finding appropriate intermediate-level songs to learn and perform can be a bit difficult, so you'll find 15 of them right here. These songs are ..."
5-Minute Drum-Set Warm-Up (Intermediate) - Drum Lesson - YouTube,"Nov 27, 2013 ... Learn The Drums Faster, Easier, Better:▻ https://www.Drumeo.com/Faster Hands & Feet (in 10 days)▻ https://www.Drumeo.com/faster/Start your ..."
Drum Intermediate School: Home,"The mission of the University Place School District, in partnership with our community, is to ensure that all UPSD students are competent, contributing citizens ..."
"What would describe basic, intermediate and advanced levels with ...","Intermediate would be successfully playing easy beats and simple fills in time with minimal mistakes, at various speeds. Maybe just in common time signatures."
Intermediate Drumming Lessons in Learn & Master Drums Course,"If you're an intermediate drummer, chances are you've learned to play the drums by picking up tidbits of information and instruction here and there on your ..."
How to Code – Coding for Beginners and How to Learn ...,"Aug 17, 2021 ... Learn to Code with the MDN (Mozilla Developer Network) ... MDN has one of the largest collections of documentation for web technologies and APIs ..."
How to learn programming? [Beginner's 101 Guide],"Jun 7, 2022 ... How to Learn to Code · 1. Through Interactive Websites · 2. Through Video Tutorials · 1. Choose What Interests You · 2. Start With Something Simple ..."
Top 5 Programming Languages for Beginners - CoderDojo ...,"Mar 20, 2015 ... JavaScript JavaScript is another language which is in high demand at the moment, but it is not to be confused with Java! · Learn JavaScript here."
Python For Beginners | Python.org,"Fortunately an experienced programmer in any programming language (whatever it may be) can ... It's also easy for beginners to use and learn, so jump in!"
How to Start Coding: The Ultimate Guide for Beginner Programmers,"Jun 29, 2022 ... Figure out why you want to learn to code. Choose which coding language you want to learn first. Take online courses. Watch video tutorials. Read ..."
A Complete Beginner's Guide to Programming · We Learn Code,"When someone writes a program, that person is giving the computer a set of commands that it must follow. When we write programs, we are writing instructions ..."
Basics of Computer Programming For Beginners | Coding Tutorial,"Jun 13, 2022 ... Computer Programming is a set of instructions, that helps the developer to perform certain tasks that return the desired output for the valid ..."
What's the Best Programming Language to Learn First? | SmartBear ...,Python is always recommended if you're looking for an easy and even fun programming language to learn first. Rather than having to jump into strict syntax rules ...
Beginner Programming: Unity Game Dev Course - Unity Learn,"Apr 17, 2020 ... In this course, you will learn how to build a character controller as well as script enemy AI. From there you can begin building out the ..."
Learn Python Programming,This makes Python an excellent language to learn to program for beginners. Our Python tutorial will guide you to learn Python one step at a time. Don't know how ...
Calculus for Beginners,Calculus for Beginners and Artists. Chapter 0: Why Study Calculus? Chapter 1: Numbers · Chapter 2: Using a Spreadsheet · Chapter 3: Linear Functions.
Calculus 1 | Math | Khan Academy,Course summary ; Limits and continuity. 0/3500 Mastery points · Squeeze theorem ; Derivatives: definition and basic rules. 0/2500 Mastery points · Derivative rules: ...
What Is Calculus? A Beginner's Guide to Limits and Differentiation ...,"Jan 17, 2022 ... What's Covered in this Tutorial. In this first part of a two part tutorial you will learn about: Limits of a function; How the derivative of a ..."
A Gentle Introduction To Learning Calculus – BetterExplained,"It's correct, but not helpful for beginners. Here's my take: Calculus does to algebra what algebra did to arithmetic. Arithmetic is about manipulating ..."
How To Learn Calculus (A Beginner's Guide) By Calcworkshop,"Feb 19, 2022 ... And finally, if you want to get the most out of your learning experience, it's always helpful to have someone who can teach you directly — ..."
How to Learn Calculus in 7 Steps | by John Marsh | Medium,Step 1) · Step 2) Understand the part of calculus · Step 3) Learn calculus formulas · Step 4) Learn about the limits · Step 5) Learn Fundamental theorem of calculus.
Introduction to Calculus,Differential calculus cuts something into small pieces to find how it changes. Learn more at Introduction to Derivatives. Integral calculus joins (integrates) ...
Beginner Calculus | Udemy,What you'll learn · Pre-Calculus Algebra Manipulation and Solving Equations · Interpret and Understand Function Graphs · Differentiate To Find Gradient Functions.
Understanding Basic Calculus,Limit is a fundamental concept in calculus. It is used when we consider differentiation (to define derivatives) and integration (to define definite integrals).
Top Calculus Courses - Learn Calculus Online | Coursera,"Learn Calculus online with courses like Introduction to Calculus and Calculus: ... Artificial Neural Networks, Basic Descriptive Statistics, Calculus, ..."
Probability: For the Enthusiastic Beginner ... - Amazon.com,"Amazon.com: Probability: For the Enthusiastic Beginner: 9781523318674: Morin, David J.: Books."
Probability: the basics (article) | Khan Academy,"Probability: the basics · Probability is simply how likely something is to happen. · Whenever we're unsure about the outcome of an event, we can talk about the ..."
Probability,"How likely something is to happen. Many events can't be predicted with total certainty. The best we can say is how likely they are to happen, using the idea of ..."
Simple probability (practice) | Khan Academy,"Practice finding probabilities of events, such as rolling dice, drawing marbles out of a bag, and spinning spinners."
Top Probability Courses - Learn Probability Online | Coursera,Learn Probability online with courses like An Intuitive Introduction to ... Related topics:probability theorymathematicsdiscrete ... Beginner · Course.
What are some good books to learn about probability for beginners ...,Introduction to Probability theory and application by William Feller is by far the best book for learning probability. Volume I covers all the basic theory as ...
Bayesian Statistics Explained in Simple English For Beginners,"Jun 20, 2016 ... This article explains bayesian statistics in simple english. It explain concepts such as conditional probability, bayes theorem and ..."
Probability: For the Enthusiastic Beginner | David Morin,"Probability: For the Enthusiastic Beginner. probability cover. Self-published (to keep the cost low) through CreateSpace (2016), 370 pages."
Probability for the Enthusiastic Beginner: Learn probability from ...,Learn probability and statistics in an easy way. Become a master with Probability for the Enthusiastic Beginner. Read the review!
Book recommendations for beginners about probability distributions ...,"Oct 3, 2016 ... If you've no mathematical impediments there's a good overview in Ch. 3 of Casella & Berger, Statistical Inference, & much is covered in ..."
A Beginner's Guide to Algorithmic Thinking - Learn to Code With Me,"Jan 15, 2020 ... Using Algorithmic Thinking for Fun and Profit · Defining the problem clearly · Breaking the problem down into small, simple parts · Define the ..."
Programming Algorithms: 20+ basic Algorithms Problems from ...,"Sep 17, 2019 ... That's just some common example and that's why practice matters a lot. Btw, if you are a complete beginner in the world of Data Structure and ..."
Beginner Algorithms Warmup Practice Problems Online | Brilliant,"Beginner Algorithms Warmup on Brilliant, the largest community of math and science problem solvers."
Algorithms for Beginners: Algorithms for learning algorithms - DEV ...,"Dec 3, 2018 ... Step 1: Learn the fundamental data structures and algorithms · Step 2: Learn advanced concepts, data structures, and algorithms · Step 1+2: ..."
Tutorial on Beginner's Algorithms,"Tutorial on Beginner's Algorithms. This tutorial assumes you have completed our Basics for Beginners tutorial, or have some basic experience with C++."
What are the best and efficient ways to learn algorithms for beginners?,Understand the importance of algorithms and try getting in touch with people sharing same enthusiasm for the subject. Preferably choose people who are also ...
Top 10 Machine Learning Algorithms For Beginners,"Feb 14, 2019 ... Linear Regression · Logistic regression · KNN Classification · Support Vector Machine (SVM) · Decision Trees · Random Forest · Artificial Neural ..."
Algorithms: 3 books in 1 : Practical Guide to Learn Algorithms For ...,Algorithms: 3 books in 1 : Practical Guide to Learn Algorithms For Beginners + Design Algorithms to Solve Common Problems + Advanced Data Structures for ...
Machine Learning Algorithms For Beginners with Code Examples in ...,Let us try to understand this definition: It states “learn without being explicitly programmed” — which means that we are not going to teach the computer with a ...
8 Great Data Structures & Algorithms Books | Tableau,"This article will discuss a range of algorithm and structures books that can satisfy skill levels from beginner to intermediate, to advanced users."
Advanced Algorithms | Electrical Engineering and Computer Science,"This course is a first-year graduate course in algorithms. Emphasis is placed on fundamental algorithms and advanced methods of algorithmic design, ..."
Advanced Algorithms and Complexity | Coursera,Advanced algorithms build upon basic ones and use new ideas. We will start with networks flows which are used in more typical applications such as optimal ...
Learn Advanced Algorithms and Data Structures with Python ...,"With Advanced Algorithms and Data Structures, where you can practice skills prevalent in advanced college courses and intensive interview questions. Flex those ..."
Advanced Algorithms (CS 224),CS 224: Advanced Algorithms. Prof. Jelani Nelson TF: Jeffrey Yan. [Home] [Lectures] [Assignments] [Project]. An algorithm is a well-defined procedure for ...
Advanced Algorithms: A Free Course from Harvard University | Open ...,"Dec 25, 2017 ... From Harvard professor Jelani Nelson comes 'Advanced Algorithms,' a course intended for graduate students and advanced undergraduate ..."
"Advanced Algorithms (COMPSCI 224), Lecture 1 - YouTube","Jul 11, 2016 ... Logistics, course topics, word RAM, predecessor, van Emde Boas, y-fast tries.Please see Problem 1 of Assignment 1at ..."
Advanced algorithms - EPFL,"A first graduate course in algorithms, this course assumes minimal background, but moves rapidly. The objective is to learn the main techniques of algorithm ..."
Advanced Algorithms,The class covers classic and modern algorithmic ideas that are central to many areas of Computer Science. The focus is on most powerful paradigms and techniques ...
Learn Advanced Algorithms in Java for Development and Interviews ...,Understand Algorithms and Data structure at a deep level. Grow your career and be ready to answer interview questions!
Battery Cloud with Advanced Algorithms,"Mar 7, 2022 ... Advanced algorithms are applied to improve battery performance. Using remote vehicle data, we train and validate an artificial neural ..."
"Advanced Chords Practice Routine - Guitar Lesson for Jazz, R&B ...","May 5, 2020 ... Your browser can't play this video. Learn more. Switch camera."
Advanced Guitar Lessons - An Essential Guide - National Guitar ...,"Advanced guitar lessons | Learn 4 essential scales, 6 must know chords, the secret to becoming an advanced guitarist and how to enhance your progress!"
Modal Progressions For Guitar - Advanced Guitar Lesson - YouTube,"Feb 12, 2010 ... Your browser can't play this video. Learn more. Switch camera."
Advanced and Intermediate Guitar Lessons,"Rock and rollers will start with open, power, and barre chords, basic soloing, and which amps and effects to use, and then learn leads, advanced techniques like ..."
Are You An Intermediate Or Advanced Guitar Player? - YouTube,"Sep 25, 2020 ... Your browser can't play this video. Learn more. Switch camera."
Advanced Guitar Course | JustinGuitar.com,"Time for more advanced and conceptual lessons! You'll learn about Modes, Arpeggios, Extended Chord Harmony, Jazz, Substitutions, and Chord Manipulation."
"5 Advanced Guitar Exercises to Improve Your Riffs, Licks and Solos ...","This exercise will not only help you learn the technique of shifting positions but also learn scales better by seeing them from a different view, across the ..."
8 Skills You Need to Nail To Consider Yourself an Advanced Guitarist |,"Apr 8, 2019 ... Let yourself get it wrong too and learn from mistakes, it is a skill that has to be developed over time. I have met many intermediate guitarists ..."
ADVANCED GUITAR & AMP REPAIR - 11 Reviews - Musical ...,"11 reviews of Advanced Guitar & Amp Repair ""I'm giving this shop 3 stars because they got the job done, but that's the only reason and here's why."
7 Best Advanced Guitar Lessons (online sources) - Guitar Chalk,"Jun 10, 2022 ... Practice; Chords & Scales; Gear & Tone. Clicking on one of these parent categories takes you to a page with all the lessons that can be ..."
